INSERT into Users Values('abc123','Mary Marquez','F',2021,'N','0:00','6:00 AM','Study','Y', 'default_profile.png', 'pbkdf2:sha256:150000$9kLJiurt$03f84eb4796f9497b08e5f58e9f14822795151ee4747a487ef5ecd0bf1d05c2d');
INSERT into Users Values('ntc511','Jeanette Hillard','F',2021,'Y','20:00','6:00 AM','Social','N', 'default_profile.png', 'pbkdf2:sha256:150000$9kLJiurt$03f84eb4796f9497b08e5f58e9f14822795151ee4747a487ef5ecd0bf1d05c2d');
INSERT into Users Values('jv561','Sheila Williams','F',2021,'N','2:00','8:30 AM','Study','Y', 'default_profile.png', 'pbkdf2:sha256:150000$9kLJiurt$03f84eb4796f9497b08e5f58e9f14822795151ee4747a487ef5ecd0bf1d05c2d');
INSERT into Users Values('aq000','Jacqueline Lin','F',2021,'N','4:00','10:00 AM','Social','Y', 'default_profile.png', 'pbkdf2:sha256:150000$9kLJiurt$03f84eb4796f9497b08e5f58e9f14822795151ee4747a487ef5ecd0bf1d05c2d');
INSERT into Users Values('zy206','Anne Palmer','F',2021,'Y','0:30','6:00 AM','Study','Y', 'default_profile.png', 'pbkdf2:sha256:150000$9kLJiurt$03f84eb4796f9497b08e5f58e9f14822795151ee4747a487ef5ecd0bf1d05c2d');
INSERT into Users Values('jnw424','Gina Groner','F',2022,'N','1:00','6:30 AM','Social','Y', 'default_profile.png', 'pbkdf2:sha256:150000$9kLJiurt$03f84eb4796f9497b08e5f58e9f14822795151ee4747a487ef5ecd0bf1d05c2d');
INSERT into Users Values('od994','Sharon Mcclain','F',2022,'N','1:00','10:00 AM','Study','N', 'default_profile.png', 'pbkdf2:sha256:150000$9kLJiurt$03f84eb4796f9497b08e5f58e9f14822795151ee4747a487ef5ecd0bf1d05c2d');
INSERT into Users Values('nz47','Donna Plungy','F',2022,'Y','5:00','12:00 PM','Social','Y', 'default_profile.png', 'pbkdf2:sha256:150000$9kLJiurt$03f84eb4796f9497b08e5f58e9f14822795151ee4747a487ef5ecd0bf1d05c2d');
INSERT into Users Values('aj39','Mary Brown','F',2022,'N','22:00','5:00 AM','Study','Y', 'default_profile.png', 'pbkdf2:sha256:150000$9kLJiurt$03f84eb4796f9497b08e5f58e9f14822795151ee4747a487ef5ecd0bf1d05c2d');
INSERT into Users Values('wu82','James Taylor','M',2022,'N','1:00','4:00 AM','Social','Y', 'default_profile.png', 'pbkdf2:sha256:150000$9kLJiurt$03f84eb4796f9497b08e5f58e9f14822795151ee4747a487ef5ecd0bf1d05c2d');
INSERT into Users Values('ut321','Aaron Montogmery','M',2023,'Y','0:00','8:00 AM','Study','Y', 'default_profile.png', 'pbkdf2:sha256:150000$9kLJiurt$03f84eb4796f9497b08e5f58e9f14822795151ee4747a487ef5ecd0bf1d05c2d');
INSERT into Users Values('he80','Earl Laporta','M',2023,'N','23:30','12:00 PM','Social','N', 'default_profile.png', 'pbkdf2:sha256:150000$9kLJiurt$03f84eb4796f9497b08e5f58e9f14822795151ee4747a487ef5ecd0bf1d05c2d');
INSERT into Users Values('eo80','Kenneth Kincade','M',2023,'N','23:30','1:00 PM','Study','Y', 'default_profile.png', 'pbkdf2:sha256:150000$9kLJiurt$03f84eb4796f9497b08e5f58e9f14822795151ee4747a487ef5ecd0bf1d05c2d');
INSERT into Users Values('lu98','Robbie Lippincott','O',2023,'Y','12:30','11:00 AM','Social','Y', 'default_profile.png', 'pbkdf2:sha256:150000$9kLJiurt$03f84eb4796f9497b08e5f58e9f14822795151ee4747a487ef5ecd0bf1d05c2d');
INSERT into Users Values('ip64','Robert Teague','O',2023,'N','1:00','10:30 AM','Study','Y', 'default_profile.png', 'pbkdf2:sha256:150000$9kLJiurt$03f84eb4796f9497b08e5f58e9f14822795151ee4747a487ef5ecd0bf1d05c2d');
INSERT into Users Values('iw34','Hilda Schrier','O',2024,'N','21:00','9:30 AM','Social','Y', 'default_profile.png', 'pbkdf2:sha256:150000$9kLJiurt$03f84eb4796f9497b08e5f58e9f14822795151ee4747a487ef5ecd0bf1d05c2d');
INSERT into Users Values('gq96','Lindsay Rinehart','O',2024,'Y','22:00','9:00 AM','Study','N', 'default_profile.png', 'pbkdf2:sha256:150000$9kLJiurt$03f84eb4796f9497b08e5f58e9f14822795151ee4747a487ef5ecd0bf1d05c2d');
INSERT into Users Values('nj30','Mike Eastman','O',2024,'N','23:00','10:00 AM','Social','Y', 'default_profile.png', 'pbkdf2:sha256:150000$9kLJiurt$03f84eb4796f9497b08e5f58e9f14822795151ee4747a487ef5ecd0bf1d05c2d');
INSERT into Users Values('fh58','Lydia Stewart','O',2024,'N','23:00','11:30 AM','Study','Y', 'default_profile.png', 'pbkdf2:sha256:150000$9kLJiurt$03f84eb4796f9497b08e5f58e9f14822795151ee4747a487ef5ecd0bf1d05c2d');
INSERT into House Values ('Avalon','Kilgo');
INSERT into House Values ('Banham', 'Edens');
INSERT into House Values ('Bastille' ,'Edens');
INSERT into House Values ('Bel Air', 'Edens');
INSERT into House Values ('Blue Ridge', 'Keohane');
INSERT into House Values ('Farquaad' ,'Edens');
INSERT into House Values ('Gates', 'Crowell');
INSERT into House Values ('Griffin', 'Crowell');
INSERT into House Values ('Hart', 'Crowell');
INSERT into House Values ('House 3B', 'Edens');
INSERT into House Values ('Hun', 'Few');
INSERT into House Values ('Khaya', 'Edens');
INSERT into House Values ('Lumos', 'Craven');
INSERT into House Values ('Magnolia Commons', 'Crowell');
INSERT into House Values ('Marquis', 'Kilgo');
INSERT into House Values ('Montauk', 'Few');
INSERT into House Values ('Mt. Olympus' ,'Hollows');
INSERT into House Values ('Narnia', 'Hollows');
INSERT into House Values ('Ox' ,'Keohane');
INSERT into House Values ('Powerhouse' ,'Craven');
INSERT into House Values ('Pride Rock', 'Few');
INSERT into House Values ('Rabbit Hole' ,'Hollows');
INSERT into House Values ('Sherwood', 'Craven');
INSERT into House Values ('Shire', 'Keohane');
INSERT into House Values ('Sierra', '300 Swift');
INSERT into House Values ('Skylar', 'Hollows');
INSERT into House Values ('Stark' ,'Wannamaker');
INSERT into House Values ('Stonehenge' ,'Kilgo');
INSERT into House Values ('Styron' ,'Few');
INSERT into House Values ('Tortuga' ,'Hollows');
INSERT into House Values ('Windsor', 'Keohane');
INSERT INTO Major VALUES ('African and African American Studies','Trinity College of Arts and Sciences');
INSERT INTO Major VALUES ('Air Force ROTC','Trinity College of Arts and Sciences');
INSERT INTO Major VALUES ('Army ROTC','Trinity College of Arts and Sciences');
INSERT INTO Major VALUES ('Art, Art History and Visual Studies','Trinity College of Arts and Sciences');
INSERT INTO Major VALUES ('Arts of the Moving Image','Trinity College of Arts and Sciences');
INSERT INTO Major VALUES ('Asian and Middle Eastern Studies','Trinity College of Arts and Sciences');
INSERT INTO Major VALUES ('Biology','Trinity College of Arts and Sciences');
INSERT INTO Major VALUES ('Chemistry','Trinity College of Arts and Sciences');
INSERT INTO Major VALUES ('Classical Studies','Trinity College of Arts and Sciences');
INSERT INTO Major VALUES ('Computer Science','Trinity College of Arts and Sciences');
INSERT INTO Major VALUES ('Cultural Anthropology','Trinity College of Arts and Sciences');
INSERT INTO Major VALUES ('Dance','Trinity College of Arts and Sciences');
INSERT INTO Major VALUES ('Economics','Trinity College of Arts and Sciences');
INSERT INTO Major VALUES ('Education','Trinity College of Arts and Sciences');
INSERT INTO Major VALUES ('English','Trinity College of Arts and Sciences');
INSERT INTO Major VALUES ('Evolutionary Anthropology','Trinity College of Arts and Sciences');
INSERT INTO Major VALUES ('Gender, Sexuality and Feminist Studies','Trinity College of Arts and Sciences');
INSERT INTO Major VALUES ('Germanic Languages and Literature','Trinity College of Arts and Sciences');
INSERT INTO Major VALUES ('Health, Wellness and Physical Education','Trinity College of Arts and Sciences');
INSERT INTO Major VALUES ('History','Trinity College of Arts and Sciences');
INSERT INTO Major VALUES ('International Comparative Studies','Trinity College of Arts and Sciences');
INSERT INTO Major VALUES ('Linguistics','Trinity College of Arts and Sciences');
INSERT INTO Major VALUES ('Literature','Trinity College of Arts and Sciences');
INSERT INTO Major VALUES ('Mathematics','Trinity College of Arts and Sciences');
INSERT INTO Major VALUES ('MFA in Experimental and Documentary Arts','Trinity College of Arts and Sciences');
INSERT INTO Major VALUES ('Music','Trinity College of Arts and Sciences');
INSERT INTO Major VALUES ('Navy ROTC','Trinity College of Arts and Sciences');
INSERT INTO Major VALUES ('Philosophy','Trinity College of Arts and Sciences');
INSERT INTO Major VALUES ('Physics','Trinity College of Arts and Sciences');
INSERT INTO Major VALUES ('Political Science','Trinity College of Arts and Sciences');
INSERT INTO Major VALUES ('Psychology','Trinity College of Arts and Sciences');
INSERT INTO Major VALUES ('Neuroscience','Trinity College of Arts and Sciences');
INSERT INTO Major VALUES ('Religious Studies','Trinity College of Arts and Sciences');
INSERT INTO Major VALUES ('Romance Studies','Trinity College of Arts and Sciences');
INSERT INTO Major VALUES ('Slavic and Eurasian Studies','Trinity College of Arts and Sciences');
INSERT INTO Major VALUES ('Sociology','Trinity College of Arts and Sciences');
INSERT INTO Major VALUES ('Statistical Science','Trinity College of Arts and Sciences');
INSERT INTO Major VALUES ('Theater Studies','Trinity College of Arts and Sciences');
INSERT INTO Major VALUES ('Biomedical Engineering','Pratt School of Engineering');
INSERT INTO Major VALUES ('Civil Engineering','Pratt School of Engineering');
INSERT INTO Major VALUES ('Environmental Engineering','Pratt School of Engineering');
INSERT INTO Major VALUES ('Electrical and Computer Engineering','Pratt School of Engineering');
INSERT INTO Major VALUES ('Mechanical Engineering','Pratt School of Engineering');
INSERT INTO Major VALUES ('Energy Engineering','Pratt School of Engineering');
INSERT into UserMajor Values ('abc123','Chemistry','Trinity College of Arts and Sciences');
INSERT into UserMajor Values ('ntc511','Chemistry','Trinity College of Arts and Sciences');
INSERT into UserMajor Values ('jv561','Biology','Trinity College of Arts and Sciences');
INSERT into UserMajor Values ('aq000','Biology','Trinity College of Arts and Sciences');
INSERT into UserMajor Values ('zy206','Computer Science','Trinity College of Arts and Sciences');
INSERT into UserMajor Values ('jnw424','Computer Science','Trinity College of Arts and Sciences');
INSERT into UserMajor Values ('nz47','Computer Science','Trinity College of Arts and Sciences');
INSERT into UserMajor Values ('aj39','Mechanical Engineering','Pratt School of Engineering');
INSERT into UserMajor Values ('wu82','Biomedical Engineering','Pratt School of Engineering');
INSERT into UserMajor Values ('ut321','Literature','Trinity College of Arts and Sciences');
INSERT into UserMajor Values ('he80','English','Trinity College of Arts and Sciences');
INSERT into UserMajor Values ('eo80','Gender, Sexuality and Feminist Studies','Trinity College of Arts and Sciences');
INSERT into UserMajor Values ('lu98','History','Trinity College of Arts and Sciences');
INSERT into UserMajor Values ('gq96','History','Trinity College of Arts and Sciences');
INSERT into UserMajor Values ('nj30','Electrical and Computer Engineering','Pratt School of Engineering');
INSERT into UserMajor Values ('fh58','Computer Science','Trinity College of Arts and Sciences');
insert into userlikes values ('abc123', 'Narnia', 'Hollows');
insert into userlikes values ('abc123', 'Tortuga', 'Hollows');
insert into userlikes values ('abc123', 'Pride Rock', 'Few');
insert into userlikes values ('lu98', 'Narnia', 'Hollows');
insert into userlikes values ('lu98', 'Tortuga', 'Hollows');
insert into userlikes values ('gq96', 'Pride Rock', 'Few');
insert into userlikes values ('he80', 'Narnia', 'Hollows');
insert into userlikes values ('he80', 'Tortuga', 'Hollows');
insert into userlikes values ('fh58', 'Pride Rock', 'Few');




